ticker,tier,bucket,listing,year,status,source,first_bar,n_bars
SPCX,T4,considered,2026-06-12,2026,ok,yfinance,2026-06-12,16
CBRS,T4,considered,2026-05-14,2026,ok,yfinance,2026-05-14,39
MDLN,T4,considered,2025-12-17,2025,ok,yfinance,2025-12-17,140
BSP,T4,considered,2026-07-01,2026,ok,yfinance,2026-07-01,7
DSC,T4,considered,2026-06-25,2026,ok,yfinance,2026-06-25,11
QNT,T4,considered,2026-06-04,2026,ok,yfinance,2026-06-04,25
MAIR,T4,considered,2026-04-16,2026,ok,yfinance,2026-04-16,59
ARXS,T4,considered,2026-04-16,2026,ok,yfinance,2026-04-16,59
PAYP,T4,considered,2026-03-12,2026,ok,yfinance,2026-03-12,83
FRVO,T3,considered,2026-05-13,2026,ok,yfinance,2026-05-13,40
BETA,T3,considered,2025-11-04,2025,ok,yfinance,2025-11-04,170
FPS,T3,considered,2026-02-05,2026,ok,yfinance,2026-02-05,107
NAVN,T3,considered,2025-10-30,2025,ok,yfinance,2025-10-30,173
EQPT,T3,considered,2026-01-23,2026,ok,yfinance,2026-01-23,116
XE,T3,considered,2026-04-24,2026,ok,yfinance,2026-04-24,53
MMED,T3,considered,2026-03-06,2026,ok,yfinance,2026-03-06,87
JAN,T3,considered,2026-03-20,2026,ok,yfinance,2026-03-20,77
MWH,T3,considered,2026-02-11,2026,ok,yfinance,2026-02-12,102
DPC,T2,considered,2026-06-25,2026,ok,yfinance,2026-06-25,11
YSS,T2,considered,2026-01-29,2026,ok,yfinance,2026-01-29,112
LFTO,T2,considered,2026-06-04,2026,ok,yfinance,2026-06-04,25
BLLN,T2,considered,2025-11-06,2025,ok,yfinance,2025-11-06,168
PBLS,T2,considered,2026-06-10,2026,ok,yfinance,2026-06-10,21
BOBS,T2,considered,2026-02-05,2026,ok,yfinance,2026-02-05,107
BTGO,T2,considered,2026-01-22,2026,ok,yfinance,2026-01-21,118
GENB,T2,considered,2026-02-27,2026,ok,yfinance,2026-02-27,92
KLRA,T2,considered,2026-04-17,2026,ok,yfinance,2026-04-17,58
AGBK,T2,considered,2026-02-11,2026,ok,yfinance,2026-02-11,103
SSMR,T2,considered,2026-06-04,2026,ok,yfinance,2026-06-04,25
ANDG,T2,considered,2025-12-17,2025,ok,yfinance,2025-12-17,140
BXDC,T2,considered,2026-05-14,2026,ok,yfinance,2026-05-14,39
LIME,T2,considered,2026-07-01,2026,recycled_mismatch,yfinance,1998-08-14,5065
APC,T2,considered,2026-02-12,2026,ok,yfinance,2026-02-12,102
KARD,T2,considered,2026-06-18,2026,ok,yfinance,2026-06-18,15
ALMR,T2,considered,2026-04-17,2026,ok,yfinance,2026-04-17,58
EROC,T2,considered,2026-06-10,2026,ok,yfinance,2026-06-10,21
AVEX,T1,considered,2026-04-17,2026,ok,yfinance,2026-04-17,58
FISN,T1,considered,2026-06-18,2026,ok,yfinance,2026-06-18,15
SPTX,T1,considered,2026-05-01,2026,ok,yfinance,2026-05-01,48
AKTS,T1,considered,2026-01-09,2026,ok,yfinance,2026-01-09,125
EIKN,T1,considered,2026-02-05,2026,ok,yfinance,2026-02-05,107
ODTX,T1,considered,2026-05-08,2026,ok,yfinance,2026-05-08,43
NHP,T1,considered,2026-04-22,2026,ok,yfinance,2026-04-22,55
GMRS,T1,considered,2026-05-13,2026,ok,yfinance,2026-05-13,40
COAG,T1,considered,2026-05-01,2026,ok,yfinance,2026-05-01,48
AGMB,T1,considered,2026-02-06,2026,ok,yfinance,2026-02-06,106
AVLN,T1,considered,2026-04-30,2026,ok,yfinance,2026-04-30,49
ITG,T1,considered,2026-07-01,2026,recycled_mismatch,yfinance,2012-06-18,1685
OFRM,T1,considered,2026-02-06,2026,ok,yfinance,2026-02-06,106
BGIN,T1,considered,2025-10-21,2025,ok,yfinance,2025-10-21,180
GMTL,T1,considered,2026-03-20,2026,ok,yfinance,2026-03-20,77
LCLN,T1,considered,2026-05-20,2026,ok,yfinance,2026-05-20,35
GLOO,T1,considered,2025-11-19,2025,ok,yfinance,2025-11-18,160
MANE,T1,considered,2026-02-04,2026,ok,yfinance,2026-02-04,108
WHK,T1,considered,2026-06-09,2026,ok,yfinance,2026-06-09,22
YSWY,T1,considered,2026-04-22,2026,ok,yfinance,2026-04-22,55
SGP,T1,considered,2026-02-06,2026,ok,yfinance,2026-02-06,106
SUJA,T1,considered,2026-05-07,2026,ok,yfinance,2026-05-07,44
MWC,T1,considered,2026-05-14,2026,ok,yfinance,2026-05-14,39
EROK,T1,considered,2026-05-14,2026,ok,yfinance,2026-05-14,39
ELMT,T1,considered,2026-04-23,2026,ok,yfinance,2026-04-23,54
REA,T1,considered,2026-05-06,2026,ok,yfinance,2026-05-05,46
SBMT,T1,considered,2026-04-30,2026,ok,yfinance,2026-04-30,49
CDNL,sub,considered,2025-12-10,2025,ok,yfinance,2025-12-10,145
CEPV,sub,considered,2025-11-04,2025,ok,yfinance,2025-11-04,170
HMH,sub,considered,2026-04-01,2026,ok,yfinance,2026-04-01,69
AERO,,considered,2025-11-06,2025,ok,yfinance,2025-11-06,168
SKHY,,considered,2026-07-10,2026,ok,yfinance,2026-07-10,1
SIND,,considered,2026-06-26,2026,ok,yfinance,2026-06-26,10
FCBM,,considered,2026-06-18,2026,ok,yfinance,2026-06-18,15
FRBT,,considered,2026-06-11,2026,ok,yfinance,2026-06-11,20
INIO,,considered,2026-06-04,2026,ok,yfinance,2026-06-08,23
AADX,,considered,2026-06-03,2026,ok,yfinance,2026-06-03,26
PICS,,considered,2026-01-29,2026,ok,yfinance,2026-01-29,112
BABA,T4,headline,2014-09-19,2014,ok,yfinance,2014-09-19,2941
META,T4,headline,2012-05-17,2012,ok,yfinance,2012-05-18,3528
UBER,T4,headline,2019-05-10,2019,ok,yfinance,2019-05-10,1774
ARM,T4,headline,2023-09-14,2023,ok,yfinance,2023-09-14,680
RIVN,T4,headline,2021-11-10,2021,ok,yfinance,2021-11-10,1142
CPNG,T4,headline,2021-03-11,2021,ok,yfinance,2021-03-11,1312
VG,T4,headline,2025-01-24,2025,ok,yfinance,2025-01-24,342
GM,T4,headline,2010-11-18,2010,ok,yfinance,2010-11-18,3905
KVUE,T4,headline,2023-05-04,2023,ok,yfinance,2023-05-04,771
NU,T4,headline,2021-12-09,2021,ok,yfinance,2021-12-09,1122
ABNB,T4,headline,2020-12-10,2020,ok,yfinance,2020-12-10,1373
RKT,T4,headline,2020-08-06,2020,ok,yfinance,2020-08-06,1464
DASH,T4,headline,2020-12-09,2020,ok,yfinance,2020-12-09,1374
HOOD,T4,headline,2021-07-29,2021,ok,yfinance,2021-07-29,1215
SNOW,T4,headline,2020-09-16,2020,ok,yfinance,2020-09-16,1433
LU,T4,headline,2020-10-30,2020,ok,yfinance,2020-10-30,1404
PATH,T4,headline,2021-04-21,2021,ok,yfinance,2021-04-21,1287
APP,T4,headline,2021-04-15,2021,ok,yfinance,2021-04-15,1288
JD,T4,headline,2014-05-22,2014,ok,yfinance,2014-05-22,3024
GFS,T4,headline,2021-10-28,2021,ok,yfinance,2021-10-28,1151
BEKE,T4,headline,2020-08-13,2020,ok,yfinance,2020-08-13,1459
LYFT,T4,headline,2019-03-29,2019,ok,yfinance,2019-03-29,1803
ATUS,T4,headline,2017-06-22,2017,missing_both_sources,,,0
KMI,T4,headline,2011-02-10,2011,ok,yfinance,2011-02-11,3847
PDD,T4,headline,2018-07-26,2018,ok,yfinance,2018-07-26,1972
YMM,T4,headline,2021-06-22,2021,ok,yfinance,2021-06-23,1243
TME,T4,headline,2018-12-12,2018,ok,yfinance,2018-12-12,1876
HLT,T4,headline,2013-12-12,2013,ok,yfinance,2013-12-12,3134
TOST,T4,headline,2021-09-22,2021,ok,yfinance,2021-09-22,1177
SNAP,T4,headline,2017-03-02,2017,ok,yfinance,2017-03-02,2325
SYF,T4,headline,2014-07-31,2014,ok,yfinance,2014-07-31,2976
RLX,T4,headline,2021-01-22,2021,ok,yfinance,2021-01-22,1348
CRWV,T4,headline,2025-03-28,2025,ok,yfinance,2025-03-28,295
TWTR,T4,headline,2013-11-07,2013,missing_both_sources,,,0
LINE,T4,headline,2024-07-25,2024,ok,yfinance,2024-07-25,467
MBLY,T4,headline,2022-10-26,2022,ok,yfinance,2022-10-26,901
RPRX,T4,headline,2020-06-16,2020,ok,yfinance,2020-06-16,1500
FIG,T4,headline,2025-07-31,2025,ok,yfinance,2025-07-31,214
XM,T4,headline,2021-01-28,2021,missing_both_sources,,,0
XP,T4,headline,2019-12-11,2019,ok,yfinance,2019-12-11,1628
LOGC,T4,headline,2020-12-16,2020,ok,yfinance,2020-12-16,1371
MQ,T4,headline,2021-06-09,2021,ok,yfinance,2021-06-09,1250
HCP,T4,headline,2021-12-09,2021,missing_both_sources,,,0
ZTO,T4,headline,2016-10-27,2016,ok,yfinance,2016-10-27,2413
FDC,T4,headline,2015-10-15,2015,missing_both_sources,,,0
U,T4,headline,2020-09-18,2020,ok,yfinance,2020-09-18,1431
HCA,T4,headline,2011-03-09,2011,ok,yfinance,2011-03-10,3829
OLPX,T4,headline,2021-09-30,2021,ok,yfinance,2021-09-30,1174
CRBG,T4,headline,2022-09-15,2022,ok,yfinance,2022-09-16,932
PAGP,T4,headline,2013-10-16,2013,ok,yfinance,2013-10-16,3177
ZTS,T4,headline,2013-01-31,2013,ok,yfinance,2013-02-01,3352
GRPN,T4,headline,2011-11-03,2011,ok,yfinance,2011-11-04,3662
WMG,T4,headline,2020-06-03,2020,ok,yfinance,2020-06-03,1506
GDRX,T4,headline,2020-09-23,2020,ok,yfinance,2020-09-23,1431
ALLY,T4,headline,2014-04-10,2014,ok,yfinance,2014-01-28,3104
TUYA,T4,headline,2021-03-18,2021,ok,yfinance,2021-03-19,1309
AFRM,T4,headline,2021-01-13,2021,ok,yfinance,2021-01-13,1351
AR,T4,headline,2013-10-10,2013,ok,yfinance,2013-10-10,3181
CFG,T4,headline,2014-09-24,2014,ok,yfinance,2014-09-24,2938
IOT,T4,headline,2021-12-15,2021,ok,yfinance,2021-12-15,1121
XPEV,T4,headline,2020-08-27,2020,ok,yfinance,2020-08-27,1449
EQH,T4,headline,2018-05-10,2018,ok,yfinance,2018-05-10,2028
PLTK,T4,headline,2021-01-15,2021,ok,yfinance,2021-01-19,1348
GTLB,T4,headline,2021-10-14,2021,ok,yfinance,2021-10-14,1161
ADT,T4,headline,2018-01-19,2018,ok,yfinance,2018-01-19,2105
VIK,T4,headline,2024-05-01,2024,ok,yfinance,2024-05-01,525
FRSH,T4,headline,2021-09-22,2021,ok,yfinance,2021-09-22,1180
PINS,T4,headline,2019-04-18,2019,ok,yfinance,2019-04-18,1789
CHYM,T3,headline,2025-06-12,2025,ok,yfinance,2025-06-12,246
RACE,T3,headline,2015-10-21,2015,ok,yfinance,2015-10-21,2670
LI,T3,headline,2020-07-30,2020,ok,yfinance,2020-07-30,1469
ZM,T3,headline,2019-04-18,2019,ok,yfinance,2019-04-18,1792
CFLT,T3,headline,2021-06-24,2021,missing_both_sources,,,0
TPG,T3,headline,2022-01-13,2022,ok,yfinance,2022-01-13,1101
S,T3,headline,2021-06-30,2021,ok,yfinance,2021-06-30,1238
SDC,T3,headline,2019-09-12,2019,missing_both_sources,,,0
CHWY,T3,headline,2019-06-14,2019,ok,yfinance,2019-06-14,1753
PCOR,T3,headline,2021-05-20,2021,ok,yfinance,2021-05-20,1266
ELAN,T3,headline,2018-09-20,2018,ok,yfinance,2018-09-20,1936
STUB,T3,headline,2025-09-17,2025,ok,yfinance,2025-09-17,204
BIRK,T3,headline,2023-10-11,2023,ok,yfinance,2023-10-11,661
MCFE,T3,headline,2020-10-22,2020,missing_both_sources,,,0
TSP,T3,headline,2021-04-15,2021,missing_both_sources,,,0
CART,T3,headline,2023-09-19,2023,ok,yfinance,2023-09-19,677
ENBL,T3,headline,2014-04-11,2014,missing_both_sources,,,0
DBX,T3,headline,2018-03-23,2018,ok,yfinance,2018-03-23,2061
PTON,T3,headline,2019-09-26,2019,ok,yfinance,2019-09-26,1681
ZI,T3,headline,2020-06-04,2020,missing_both_sources,,,0
YNDX,T3,headline,2011-05-24,2011,missing_both_sources,,,0
ATH,T3,headline,2016-12-09,2016,missing_both_sources,,,0
SARO,T3,headline,2024-10-02,2024,ok,yfinance,2024-10-02,419
SRAD,T3,headline,2021-09-14,2021,ok,yfinance,2021-09-14,1186
INFA,T3,headline,2021-10-27,2021,missing_both_sources,,,0
OSCR,T3,headline,2021-03-03,2021,ok,yfinance,2021-03-03,1321
PECO,T3,headline,2021-07-15,2021,ok,yfinance,2021-02-25,1325
DDOG,T3,headline,2019-09-19,2019,ok,yfinance,2019-09-19,1686
EQGP,T3,headline,2015-05-12,2015,ok,yfinance,2015-05-12,924
ACI,T3,headline,2020-06-26,2020,ok,yfinance,2020-06-26,1492
BZ,T3,headline,2021-06-11,2021,ok,yfinance,2021-06-11,1251
KVYO,T3,headline,2023-09-20,2023,ok,yfinance,2023-09-20,676
MRNA,T3,headline,2018-12-07,2018,ok,yfinance,2018-12-07,1882
MNDY,T3,headline,2021-06-10,2021,ok,yfinance,2021-06-10,1252
WEBR,T3,headline,2021-08-05,2021,missing_both_sources,,,0
NTSK,T3,headline,2025-09-18,2025,ok,yfinance,2025-09-18,203
RELY,T3,headline,2021-09-23,2021,ok,yfinance,2021-09-23,1179
ZNGA,T3,headline,2011-12-15,2011,missing_both_sources,,,0
AVTR,T3,headline,2019-05-17,2019,ok,yfinance,2019-05-17,1772
COMP,T3,headline,2021-04-01,2021,ok,yfinance,2021-04-01,1300
KOS,T3,headline,2011-05-10,2011,ok,yfinance,2011-05-11,3789
MRVI,T3,headline,2020-11-20,2020,ok,yfinance,2020-11-20,1389
CRCL,T3,headline,2025-06-05,2025,ok,yfinance,2025-06-05,248
IHS,T3,headline,2021-10-14,2021,ok,yfinance,2021-10-14,1164
CRWD,T3,headline,2019-06-12,2019,ok,yfinance,2019-06-12,1755
ROOT,T3,headline,2020-10-28,2020,ok,yfinance,2020-10-28,1406
LFST,T3,headline,2021-06-10,2021,ok,yfinance,2021-06-10,1252
VICI,T3,headline,2018-02-01,2018,ok,yfinance,2018-01-02,2117
CG,T3,headline,2012-05-02,2012,ok,yfinance,2012-05-03,3542
PAGS,T3,headline,2018-01-24,2018,ok,yfinance,2018-01-24,2102
GOCO,T3,headline,2020-07-15,2020,ok,yfinance,2020-07-15,1480
ONON,T3,headline,2021-09-15,2021,ok,yfinance,2021-09-15,1185
BMBL,T3,headline,2021-02-11,2021,ok,yfinance,2021-02-11,1331
STNE,T3,headline,2018-10-25,2018,ok,yfinance,2018-10-25,1911
SHC,T3,headline,2020-11-20,2020,ok,yfinance,2020-11-20,1389
NIO,T3,headline,2018-09-12,2018,ok,yfinance,2018-09-12,1942
COTY,T3,headline,2013-06-12,2013,ok,yfinance,2013-06-13,3261
LEVI,T3,headline,2019-03-21,2019,ok,yfinance,2019-03-21,1812
BLCO,T3,headline,2022-05-06,2022,ok,yfinance,2022-05-06,1023
AS,T3,headline,2024-02-01,2024,ok,yfinance,2024-02-01,587
INVH,T3,headline,2017-02-01,2017,ok,yfinance,2017-02-01,2348
STVN,T3,headline,2021-07-16,2021,ok,yfinance,2021-07-16,1227
DLO,T3,headline,2021-06-03,2021,ok,yfinance,2021-06-03,1257
GFL,T3,headline,2020-03-03,2020,ok,yfinance,2020-03-03,1573
EDR,T3,headline,2021-04-29,2021,missing_both_sources,,,0
MNSO,T3,headline,2020-10-15,2020,ok,yfinance,2020-10-15,1415
TW,T3,headline,2019-04-04,2019,ok,yfinance,2019-04-04,1802
RYAN,T3,headline,2021-07-22,2021,ok,yfinance,2021-07-22,1223
BRZE,T3,headline,2021-11-17,2021,ok,yfinance,2021-11-17,1140
FTCH,T3,headline,2018-09-21,2018,missing_both_sources,,,0
GTES,T3,headline,2018-01-25,2018,ok,yfinance,2018-01-25,2101
RBRK,T3,headline,2024-04-25,2024,ok,yfinance,2024-04-25,529
BSY,T3,headline,2020-09-23,2020,ok,yfinance,2020-09-23,1431
ULS,T3,headline,2024-04-12,2024,ok,yfinance,2024-04-12,538
ALAB,T3,headline,2024-03-20,2024,ok,yfinance,2024-03-20,551
DDL,T3,headline,2021-06-29,2021,ok,yfinance,2021-06-29,1239
TIXT,T3,headline,2021-02-03,2021,missing_both_sources,,,0
LZ,T3,headline,2021-06-30,2021,ok,yfinance,2021-06-30,1238
TTAN,T3,headline,2024-12-12,2024,ok,yfinance,2024-12-12,369
ABCL,T3,headline,2020-12-11,2020,ok,yfinance,2020-12-11,1375
REYN,T3,headline,2020-01-31,2020,ok,yfinance,2020-01-31,1594
SGFY,T3,headline,2021-02-11,2021,missing_both_sources,,,0
BRX,T3,headline,2013-10-30,2013,ok,yfinance,2013-10-30,3167
FIGR,T3,headline,2025-09-11,2025,ok,yfinance,2025-09-11,184
INGM,T3,headline,2024-10-24,2024,ok,yfinance,2024-10-24,403
USFD,T3,headline,2016-05-26,2016,ok,yfinance,2016-05-26,2520
OS,T3,headline,2024-07-24,2024,missing_both_sources,,,0
DOCN,T2,headline,2021-03-24,2021,ok,yfinance,2021-03-24,1330
TEGP,T2,headline,2015-05-07,2015,missing_both_sources,,,0
SE,T2,headline,2017-10-20,2017,ok,yfinance,2017-10-20,2190
EPE,T2,headline,2014-01-17,2014,missing_both_sources,,,0
WGP,T2,headline,2012-12-06,2012,missing_both_sources,,,0
WDH,T2,headline,2021-05-07,2021,ok,yfinance,2021-05-07,1299
DOCS,T2,headline,2021-06-24,2021,ok,yfinance,2021-06-24,1266
ARMK,T2,headline,2013-12-12,2013,ok,yfinance,2013-12-12,3161
FLNC,T2,headline,2021-10-28,2021,ok,yfinance,2021-10-28,1178
WDAY,T2,headline,2012-10-11,2012,ok,yfinance,2012-10-12,3453
VOYA,T2,headline,2013-05-01,2013,ok,yfinance,2013-05-02,3317
CQH,T2,headline,2013-12-13,2013,ok,yfinance,2013-12-13,1200
SANA,T2,headline,2021-02-04,2021,ok,yfinance,2021-02-04,1363
AXTA,T2,headline,2014-11-12,2014,ok,yfinance,2014-11-12,2930
PONY,T2,headline,2024-11-27,2024,ok,yfinance,2024-11-27,403
VVV,T2,headline,2016-09-23,2016,ok,yfinance,2016-09-23,2461
YOU,T2,headline,2021-06-30,2021,ok,yfinance,2021-06-30,1262
DOCU,T2,headline,2018-04-27,2018,ok,yfinance,2018-04-27,2061
DT,T2,headline,2019-08-01,2019,ok,yfinance,2019-08-01,1744
ARD,T2,headline,2017-03-15,2017,missing_both_sources,,,0
CRCT,T2,headline,2021-03-25,2021,ok,yfinance,2021-03-26,1328
NET,T2,headline,2019-09-13,2019,ok,yfinance,2019-09-13,1714
COUR,T2,headline,2021-03-31,2021,ok,yfinance,2021-03-31,1325
TEAM,T2,headline,2015-12-09,2015,ok,yfinance,2015-12-09,2660
ARX,T2,headline,2025-07-24,2025,ok,yfinance,2025-07-24,242
SABR,T2,headline,2014-04-17,2014,ok,yfinance,2014-04-17,3075
LNKD,T2,headline,2011-05-19,2011,missing_both_sources,,,0
EVHC,T2,headline,2013-08-14,2013,ok,yfinance,2013-08-14,1299
GSKY,T2,headline,2018-05-24,2018,missing_both_sources,,,0
ETOR,T2,headline,2025-05-14,2025,ok,yfinance,2025-05-13,291
DV,T2,headline,2021-04-21,2021,ok,yfinance,2021-04-21,1311
WRD,T2,headline,2024-10-25,2024,ok,yfinance,2024-10-25,426
RXT,T2,headline,2020-08-05,2020,ok,yfinance,2020-08-05,1489
SHLS,T2,headline,2021-01-27,2021,ok,yfinance,2021-01-28,1368
NCLH,T2,headline,2013-01-17,2013,ok,yfinance,2013-01-18,3388
TRU,T2,headline,2015-06-25,2015,ok,yfinance,2015-06-25,2776
FIT,T2,headline,2015-06-18,2015,missing_both_sources,,,0
ULCC,T2,headline,2021-04-01,2021,ok,yfinance,2021-04-01,1324
AMWL,T2,headline,2020-09-17,2020,ok,yfinance,2020-09-17,1459
ALSN,T2,headline,2012-03-14,2012,ok,yfinance,2012-03-15,3600
AI,T2,headline,2020-12-09,2020,ok,yfinance,2020-12-09,1401
DH,T2,headline,2021-09-15,2021,ok,yfinance,2021-09-15,1209
BILI,T2,headline,2018-03-28,2018,ok,yfinance,2018-03-28,2082
UDMY,T2,headline,2021-10-29,2021,missing_both_sources,,,0
CXM,T2,headline,2021-06-23,2021,ok,yfinance,2021-06-23,1267
FROG,T2,headline,2020-09-16,2020,ok,yfinance,2020-09-16,1460
CNM,T2,headline,2021-07-23,2021,ok,yfinance,2021-07-22,1247
BLND,T2,headline,2021-07-16,2021,ok,yfinance,2021-07-16,1251
WOOF,T2,headline,2021-01-14,2021,ok,yfinance,2021-01-14,1377
LDI,T2,headline,2021-02-11,2021,ok,yfinance,2021-02-11,1358
HAYW,T2,headline,2021-03-12,2021,ok,yfinance,2021-03-12,1338
HEPS,T2,headline,2021-07-01,2021,ok,yfinance,2021-07-01,1261
VZIO,T2,headline,2021-03-25,2021,missing_both_sources,,,0
ACVA,T2,headline,2021-03-24,2021,ok,yfinance,2021-03-24,1330
CHNG,T2,headline,2019-06-27,2019,missing_both_sources,,,0
VIPS,T2,headline,2012-03-22,2012,ok,yfinance,2012-03-23,3594
PVTL,T2,headline,2018-04-20,2018,missing_both_sources,,,0
BROS,T2,headline,2021-09-15,2021,ok,yfinance,2021-09-15,1209
BKFS,T2,headline,2015-05-20,2015,missing_both_sources,,,0
CVRR,T2,headline,2013-01-16,2013,ok,yfinance,2013-01-17,1515
SWCH,T2,headline,2017-10-06,2017,missing_both_sources,,,0
WB,T2,headline,2014-04-17,2014,ok,yfinance,2014-04-17,3075
DUOL,T2,headline,2021-07-28,2021,ok,yfinance,2021-07-28,1243
TXG,T2,headline,2019-09-12,2019,ok,yfinance,2019-09-12,1715
DRVN,T2,headline,2021-01-15,2021,ok,yfinance,2021-01-19,1375
VIA,T2,headline,2025-09-12,2025,ok,yfinance,2025-09-12,207
CWAN,T2,headline,2021-09-24,2021,late_start_gap,yfinance,2026-07-02,1
VNTV,T2,headline,2012-03-21,2012,missing_both_sources,,,0
CWK,T2,headline,2018-08-02,2018,ok,yfinance,2018-08-02,1994
WAY,T2,headline,2024-06-07,2024,ok,yfinance,2024-06-07,523
VTEX,T2,headline,2021-07-21,2021,ok,yfinance,2021-07-21,1248
GLBE,T2,headline,2021-05-12,2021,ok,yfinance,2021-05-12,1296
OLO,T2,headline,2021-03-17,2021,missing_both_sources,,,0
FIGS,T2,headline,2021-05-27,2021,ok,yfinance,2021-05-27,1285
LTH,T2,headline,2021-10-07,2021,ok,yfinance,2021-10-07,1193
CERT,T2,headline,2020-12-11,2020,ok,yfinance,2020-12-11,1399
PWSC,T2,headline,2021-07-28,2021,missing_both_sources,,,0
NXT,T2,headline,2023-02-09,2023,ok,yfinance,2023-02-09,856
NVST,T2,headline,2019-09-18,2019,ok,yfinance,2019-09-18,1711
BNTX,T2,headline,2019-10-10,2019,ok,yfinance,2019-10-10,1695
KC,T2,headline,2020-05-08,2020,ok,yfinance,2020-05-08,1550
ALHC,T2,headline,2021-03-26,2021,ok,yfinance,2021-03-26,1328
SNDR,T2,headline,2017-04-06,2017,ok,yfinance,2017-04-06,2327
AZEK,T2,headline,2020-06-12,2020,missing_both_sources,,,0
RSKD,T2,headline,2021-07-29,2021,ok,yfinance,2021-07-29,1242
EVCM,T2,headline,2021-07-01,2021,ok,yfinance,2021-07-01,1261
GEMI,T2,headline,2025-09-12,2025,ok,yfinance,2025-09-12,207
SLQT,T2,headline,2020-05-21,2020,ok,yfinance,2020-05-21,1541
PANW,T2,headline,2012-07-19,2012,ok,yfinance,2012-07-20,3512
NXPI,T2,headline,2010-08-05,2010,ok,yfinance,2010-08-06,4005
FHB,T2,headline,2016-08-04,2016,ok,yfinance,2016-08-05,2495
PSTG,T2,headline,2015-10-07,2015,missing_both_sources,,,0
GPRO,T2,headline,2014-06-26,2014,ok,yfinance,2014-06-26,3027
AMH,T2,headline,2013-07-31,2013,ok,yfinance,2013-08-01,3254
RERE,T2,headline,2021-06-18,2021,ok,yfinance,2021-06-18,1270
GDDY,T2,headline,2015-04-01,2015,ok,yfinance,2015-03-31,2836
PACS,T2,headline,2024-04-11,2024,ok,yfinance,2024-04-11,563
ACT,T2,headline,2021-09-16,2021,ok,yfinance,2021-09-16,1208
POSH,T2,headline,2021-01-14,2021,missing_both_sources,,,0
ST,T2,headline,2010-03-10,2010,ok,yfinance,2010-03-11,4108
SG,T2,headline,2021-11-18,2021,ok,yfinance,2021-11-18,1163
LEGN,T2,headline,2020-06-05,2020,ok,yfinance,2020-06-05,1531
CON,T2,headline,2024-07-25,2024,ok,yfinance,2024-07-25,491
LPLA,T2,headline,2010-11-18,2010,ok,yfinance,2010-11-18,3932
SQ,T2,headline,2015-11-19,2015,missing_both_sources,,,0
WWAV,T2,headline,2012-10-26,2012,missing_both_sources,,,0
RXRX,T2,headline,2021-04-16,2021,ok,yfinance,2021-04-16,1314
CDW,T2,headline,2013-06-26,2013,ok,yfinance,2013-06-27,3278
ARCO,T2,headline,2011-04-13,2011,ok,yfinance,2011-04-14,3831
SVV,T2,headline,2023-06-29,2023,ok,yfinance,2023-06-29,760
APO,T2,headline,2011-03-29,2011,ok,yfinance,2011-03-30,3842
LGN,T2,headline,2025-09-12,2025,ok,yfinance,2025-09-12,207
ANET,T2,headline,2014-06-06,2014,ok,yfinance,2014-06-06,3041
KLC,T2,headline,2024-10-09,2024,ok,yfinance,2024-10-09,438
MCG,T2,headline,2021-07-15,2021,missing_both_sources,,,0
INNV,T2,headline,2021-03-04,2021,ok,yfinance,2021-03-04,1344
ARRY,T2,headline,2020-10-15,2020,ok,yfinance,2020-10-15,1439
DNUT,T2,headline,2021-07-01,2021,ok,yfinance,2021-07-01,1261
TMHC,T2,headline,2013-04-09,2013,ok,yfinance,2013-04-10,3333
NCNO,T2,headline,2020-07-14,2020,ok,yfinance,2020-07-14,1505
TPH,T2,headline,2013-01-30,2013,late_start_gap,yfinance,2026-05-13,1
CAAP,T2,headline,2018-02-01,2018,ok,yfinance,2018-02-01,2120
VERX,T2,headline,2020-07-29,2020,ok,yfinance,2020-07-29,1494
BKU,T2,headline,2011-01-27,2011,ok,yfinance,2011-01-28,3884
SFM,T2,headline,2013-07-31,2013,ok,yfinance,2013-08-01,3254
WBTN,T2,headline,2024-06-27,2024,ok,yfinance,2024-06-27,510
ZU,T2,headline,2013-11-15,2013,missing_both_sources,,,0
CBOE,T2,headline,2010-06-14,2010,ok,yfinance,2010-06-15,4042
KNBE,T2,headline,2021-04-22,2021,missing_both_sources,,,0
ALGM,T2,headline,2020-10-29,2020,ok,yfinance,2020-10-29,1429
RTLR,T2,headline,2019-05-23,2019,missing_both_sources,,,0
PSN,T2,headline,2019-05-08,2019,ok,yfinance,2019-05-08,1803
UXIN,T2,headline,2018-06-27,2018,ok,yfinance,2018-06-27,2019
PTRN,T2,headline,2025-09-19,2025,ok,yfinance,2025-09-19,202
AL,T2,headline,2011-04-18,2011,missing_both_sources,,,0
FELP,T2,headline,2014-06-18,2014,missing_both_sources,,,0
NMRA,T2,headline,2023-09-15,2023,ok,yfinance,2023-09-14,707
HNGE,T2,headline,2025-05-22,2025,ok,yfinance,2025-05-22,284
CMTG,T2,headline,2021-11-03,2021,ok,yfinance,2021-11-03,1174
VEEV,T2,headline,2013-10-16,2013,ok,yfinance,2013-10-16,3201
EE,T2,headline,2022-04-13,2022,ok,yfinance,2022-04-13,1063
NOW,T2,headline,2012-06-28,2012,ok,yfinance,2012-06-29,3526
ALKT,T2,headline,2021-04-14,2021,ok,yfinance,2021-04-14,1316
ESTC,T2,headline,2018-10-05,2018,ok,yfinance,2018-10-05,1949
PBF,T2,headline,2012-12-12,2012,ok,yfinance,2012-12-13,3412
PFHC,T2,headline,2022-05-13,2022,missing_both_sources,,,0
ZKH,T2,headline,2023-12-15,2023,ok,yfinance,2023-12-15,642
LOAR,T2,headline,2024-04-25,2024,ok,yfinance,2024-04-25,553
CAVA,T2,headline,2023-06-15,2023,ok,yfinance,2023-06-15,769
SHLX,T2,headline,2014-10-29,2014,missing_both_sources,,,0
ADPT,T2,headline,2019-06-27,2019,ok,yfinance,2019-06-27,1768
PAY,T2,headline,2021-05-26,2021,ok,yfinance,2021-05-26,1286
MOMO,T2,headline,2014-12-11,2014,ok,yfinance,2014-12-11,2910
BNL,T2,headline,2020-09-17,2020,ok,yfinance,2020-09-17,1459
W,T2,headline,2014-10-02,2014,ok,yfinance,2014-10-02,2959
HUYA,T2,headline,2018-05-11,2018,ok,yfinance,2018-05-11,2051
JUNO,T2,headline,2014-12-19,2014,ok,yfinance,2014-12-19,814
JELD,T2,headline,2017-01-27,2017,ok,yfinance,2017-01-27,2375
RSPP,T2,headline,2014-01-17,2014,ok,yfinance,2014-01-17,1132
PRVA,T2,headline,2021-04-29,2021,ok,yfinance,2021-04-28,1306
IBTA,T2,headline,2024-04-19,2024,ok,yfinance,2024-04-19,557
HSAI,T2,headline,2023-02-10,2023,ok,yfinance,2023-02-09,856
FLYW,T2,headline,2021-05-26,2021,ok,yfinance,2021-05-26,1286
WBI,T2,headline,2025-09-17,2025,ok,yfinance,2025-09-17,204
TERP,T2,headline,2014-07-18,2014,missing_both_sources,,,0
PDH,T2,headline,2012-05-03,2012,missing_both_sources,,,0
LAUR,T2,headline,2017-02-01,2017,ok,yfinance,2017-02-01,2372
NP,T2,headline,2025-10-01,2025,ok,yfinance,2025-10-01,194
NFE,T2,headline,2019-01-31,2019,ok,yfinance,2019-01-31,1870
PF,T2,headline,2013-03-28,2013,ok,yfinance,2013-03-28,1406
CURV,T2,headline,2021-07-01,2021,ok,yfinance,2021-07-01,1261
SFBS,T2,headline,2014-05-14,2014,ok,yfinance,2014-05-14,3057
MANU,T2,headline,2012-08-09,2012,ok,yfinance,2012-08-10,3497
SWIM,T2,headline,2021-04-23,2021,ok,yfinance,2021-04-23,1309
BAH,T2,headline,2010-11-16,2010,ok,yfinance,2010-11-18,3932
ARDT,T2,headline,2024-07-18,2024,ok,yfinance,2024-07-18,496
RRR,T2,headline,2016-04-27,2016,ok,yfinance,2016-04-27,2565
COLD,T2,headline,2018-01-19,2018,ok,yfinance,2018-01-19,2129
ATAI,T2,headline,2021-06-18,2021,ok,yfinance,2021-06-18,1270
PAX,T2,headline,2021-01-22,2021,ok,yfinance,2021-01-22,1372
NTNX,T2,headline,2016-09-30,2016,ok,yfinance,2016-09-30,2456
FA,T2,headline,2021-06-23,2021,ok,yfinance,2021-06-23,1267
TASK,T2,headline,2021-06-11,2021,ok,yfinance,2021-06-11,1275
LOMA,T2,headline,2017-11-01,2017,ok,yfinance,2017-11-01,2182
BTSG,T2,headline,2024-01-26,2024,ok,yfinance,2024-01-26,615
BJ,T2,headline,2018-06-28,2018,ok,yfinance,2018-06-28,2018
CTKB,T2,headline,2021-07-23,2021,ok,yfinance,2021-07-23,1246
BV,T2,headline,2018-06-28,2018,ok,yfinance,2018-06-28,2018
VIR,T2,headline,2019-10-11,2019,ok,yfinance,2019-10-11,1694
AVAH,T2,headline,2021-04-29,2021,ok,yfinance,2021-04-28,1306
EXFY,T2,headline,2021-11-10,2021,ok,yfinance,2021-11-10,1169
MULE,T2,headline,2017-03-17,2017,ok,yfinance,2017-03-17,284
BIRD,T2,headline,2021-11-03,2021,ok,yfinance,2021-11-03,1174
CPPL,T2,headline,2015-02-05,2015,missing_both_sources,,,0
SCPL,T2,headline,2019-05-03,2019,missing_both_sources,,,0
ALLO,T2,headline,2018-10-11,2018,ok,yfinance,2018-10-11,1945
NEXA,T2,headline,2017-10-27,2017,ok,yfinance,2017-10-27,2185
EM,T2,headline,2021-04-01,2021,late_start_gap,yfinance,2026-04-29,1
APAM,T2,headline,2013-03-06,2013,ok,yfinance,2013-03-07,3356
TENB,T2,headline,2018-07-26,2018,ok,yfinance,2018-07-26,1999
FLOC,T2,headline,2025-01-16,2025,ok,yfinance,2025-01-16,371
RLJ,T2,headline,2011-05-10,2011,ok,yfinance,2011-05-11,3813
NMRK,T2,headline,2017-12-15,2017,ok,yfinance,2017-12-15,2151
PE,T2,headline,2014-05-23,2014,missing_both_sources,,,0
FOCS,T2,headline,2018-07-26,2018,missing_both_sources,,,0
VNOM,T2,headline,2014-06-18,2014,ok,yfinance,2014-06-18,3033
BBIO,T2,headline,2019-06-27,2019,ok,yfinance,2019-06-27,1768
LBRT,T2,headline,2018-01-12,2018,ok,yfinance,2018-01-11,2134
API,T2,headline,2020-06-26,2020,ok,yfinance,2020-06-26,1516
FORG,T2,headline,2021-09-16,2021,missing_both_sources,,,0
CINT,T2,headline,2021-11-10,2021,ok,yfinance,2021-11-10,1169
ODD,T2,headline,2023-07-19,2023,ok,yfinance,2023-07-19,747
TVPT,T2,headline,2014-09-25,2014,ok,yfinance,2014-09-25,1157
CRTO,T2,headline,2013-10-30,2013,ok,yfinance,2013-10-30,3191
TBBB,T2,headline,2024-02-09,2024,ok,yfinance,2024-02-09,605
FND,T2,headline,2017-04-27,2017,ok,yfinance,2017-04-27,2313
YXT,T2,headline,2024-08-16,2024,ok,yfinance,2024-08-16,475
PFGC,T2,headline,2015-10-01,2015,ok,yfinance,2015-09-30,2709
AVIR,T2,headline,2020-10-30,2020,ok,yfinance,2020-10-30,1428
ATHM,T2,headline,2013-12-10,2013,ok,yfinance,2013-12-11,3162
ENFN,T2,headline,2021-10-21,2021,missing_both_sources,,,0
SIR,T2,headline,2012-03-06,2012,ok,yfinance,2012-03-07,3537
TSLA,T2,headline,2010-06-28,2010,ok,yfinance,2010-06-29,4032
GO,T2,headline,2019-06-20,2019,ok,yfinance,2019-06-20,1773
CSTM,T2,headline,2013-05-22,2013,ok,yfinance,2013-05-23,3302
ZETA,T2,headline,2021-06-10,2021,ok,yfinance,2021-06-10,1276
CAFD,T2,headline,2015-06-19,2015,ok,yfinance,2015-06-19,764
APRN,T2,headline,2017-06-29,2017,missing_both_sources,,,0
ZS,T2,headline,2018-03-16,2018,ok,yfinance,2018-03-16,2090
ERAS,T2,headline,2021-07-16,2021,ok,yfinance,2021-07-16,1251
SEMR,T2,headline,2021-03-25,2021,missing_both_sources,,,0
BPMP,T2,headline,2017-10-26,2017,missing_both_sources,,,0
FOUR,T2,headline,2020-06-05,2020,ok,yfinance,2020-06-05,1531
RPAI,T2,headline,2012-04-05,2012,missing_both_sources,,,0
NVCR,T2,headline,2015-10-02,2015,ok,yfinance,2015-10-01,2708
CTRI,T2,headline,2024-04-19,2024,ok,yfinance,2024-04-19,557
XMTR,T2,headline,2021-06-30,2021,ok,yfinance,2021-06-30,1262
DATA,T2,headline,2013-05-16,2013,missing_both_sources,,,0
LAW,T2,headline,2021-07-21,2021,ok,yfinance,2021-07-21,1248
ARHS,T2,headline,2021-11-04,2021,ok,yfinance,2021-11-04,1173
BSM,T2,headline,2015-05-01,2015,ok,yfinance,2015-04-30,2815
MNR,T2,headline,2023-10-25,2023,ok,yfinance,2023-10-25,678
AESI,T2,headline,2023-03-08,2023,ok,yfinance,2023-03-09,837
PD,T2,headline,2019-04-11,2019,ok,yfinance,2019-04-11,1821
ETSY,T2,headline,2015-04-16,2015,ok,yfinance,2015-04-16,2825
CWH,T2,headline,2016-10-07,2016,ok,yfinance,2016-10-07,2451
CVNA,T2,headline,2017-04-28,2017,ok,yfinance,2017-04-28,2312
ZIM,T2,headline,2021-01-28,2021,ok,yfinance,2021-01-28,1368
HUD,T2,headline,2018-02-01,2018,missing_both_sources,,,0
BRDG,T2,headline,2021-07-16,2021,missing_both_sources,,,0
EB,T2,headline,2018-09-20,2018,missing_both_sources,,,0
AMC,T2,headline,2013-12-18,2013,ok,yfinance,2013-12-18,3157
VOYG,T2,headline,2025-06-11,2025,ok,yfinance,2025-06-11,271
CNTA,T2,headline,2021-05-28,2021,late_start_gap,yfinance,2026-06-24,4
RLAY,T2,headline,2020-07-16,2020,ok,yfinance,2020-07-16,1503
COTV,T2,headline,2016-05-26,2016,ok,yfinance,2016-05-26,567
STEP,T2,headline,2020-09-16,2020,ok,yfinance,2020-09-16,1460
VNET,T2,headline,2011-04-21,2011,ok,yfinance,2011-04-21,3826
NVA,T2,headline,2024-07-24,2024,ok,yfinance,2024-07-24,492
REAL,T2,headline,2019-06-28,2019,ok,yfinance,2019-06-28,1767
CADE,T2,headline,2017-04-13,2017,missing_both_sources,,,0
BOX,T2,headline,2015-01-23,2015,ok,yfinance,2015-01-23,2882
SUM,T2,headline,2015-03-12,2015,missing_both_sources,,,0
LADR,T2,headline,2014-02-06,2014,ok,yfinance,2014-02-06,3124
DNLI,T2,headline,2017-12-08,2017,ok,yfinance,2017-12-08,2156
QFIN,T2,headline,2018-12-14,2018,ok,yfinance,2018-12-14,1901
SMWB,T2,headline,2021-05-12,2021,ok,yfinance,2021-05-12,1296
FIHL,T2,headline,2023-06-29,2023,late_start_gap,yfinance,2026-07-10,1
PRME,T2,headline,2022-10-19,2022,ok,yfinance,2022-10-20,932
ATMU,T2,headline,2023-05-26,2023,ok,yfinance,2023-05-26,782
LMND,T2,headline,2020-07-02,2020,ok,yfinance,2020-07-02,1512
EYE,T2,headline,2017-10-26,2017,ok,yfinance,2017-10-27,2185
DTC,T2,headline,2021-10-28,2021,missing_both_sources,,,0
GH,T2,headline,2018-10-04,2018,ok,yfinance,2018-10-04,1950
GNLN,T2,headline,2019-04-18,2019,ok,yfinance,2019-04-18,1816
BE,T2,headline,2018-07-25,2018,ok,yfinance,2018-07-25,2000
OKTA,T2,headline,2017-04-07,2017,ok,yfinance,2017-04-07,2326
PLNT,T2,headline,2015-08-06,2015,ok,yfinance,2015-08-06,2747
UPWK,T2,headline,2018-10-03,2018,ok,yfinance,2018-10-03,1951
VSTA,T2,headline,2020-07-31,2020,missing_both_sources,,,0
OCIP,T2,headline,2013-10-04,2013,ok,yfinance,2013-10-04,1202
CRSR,T2,headline,2020-09-23,2020,ok,yfinance,2020-09-23,1455
BILL,T2,headline,2019-12-12,2019,ok,yfinance,2019-12-12,1651
TLRY,T2,headline,2018-07-19,2018,ok,yfinance,2018-07-19,2004
EVTC,T2,headline,2013-04-11,2013,ok,yfinance,2013-04-12,3331
INTA,T2,headline,2021-06-30,2021,ok,yfinance,2021-06-30,1262
IREN,T2,headline,2021-11-17,2021,ok,yfinance,2021-11-17,1164
ESRT,T2,headline,2013-10-02,2013,ok,yfinance,2013-10-02,3211
NSM,T2,headline,2012-03-07,2012,ok,yfinance,2012-03-08,1610
VAXX,T2,headline,2021-11-11,2021,ok,yfinance,2021-11-11,1168
ARES,T2,headline,2014-05-02,2014,ok,yfinance,2014-05-02,3065
SSNC,T2,headline,2010-03-30,2010,ok,yfinance,2010-03-31,4094
WEAV,T2,headline,2021-11-11,2021,ok,yfinance,2021-11-11,1168
ESNT,T2,headline,2013-10-31,2013,ok,yfinance,2013-10-31,3190
BKV,T2,headline,2024-09-26,2024,ok,yfinance,2024-09-26,447
KIOR,T2,headline,2011-06-23,2011,missing_both_sources,,,0
YETI,T2,headline,2018-10-25,2018,ok,yfinance,2018-10-25,1935
HPP,T2,headline,2010-06-23,2010,ok,yfinance,2010-06-24,4035
NYLD,T2,headline,2013-07-16,2013,missing_both_sources,,,0
UPST,T2,headline,2020-12-16,2020,ok,yfinance,2020-12-16,1396
DOLE,T2,headline,2021-07-30,2021,ok,yfinance,2021-07-30,1241
SONO,T2,headline,2018-08-02,2018,ok,yfinance,2018-08-02,1994
EVOP,T2,headline,2018-05-23,2018,missing_both_sources,,,0
SMAR,T2,headline,2018-04-27,2018,missing_both_sources,,,0
BYND,T2,headline,2019-05-02,2019,ok,yfinance,2019-05-02,1780
CARG,T2,headline,2017-10-12,2017,ok,yfinance,2017-10-12,2196
SWFT,T2,headline,2010-12-16,2010,missing_both_sources,,,0
ABSI,T2,headline,2021-07-22,2021,ok,yfinance,2021-07-22,1247
DSP,T2,headline,2021-02-10,2021,ok,yfinance,2021-02-10,1359
FSLY,T2,headline,2019-05-17,2019,ok,yfinance,2019-05-17,1796
ZUO,T2,headline,2018-04-12,2018,missing_both_sources,,,0
CRDO,T2,headline,2022-01-27,2022,ok,yfinance,2022-01-27,1116
HNST,T2,headline,2021-05-05,2021,ok,yfinance,2021-05-04,1302
GOGO,T2,headline,2013-06-20,2013,ok,yfinance,2013-06-21,3282
FXLV,T2,headline,2021-07-15,2021,late_start_gap,yfinance,2026-05-29,1
HKD,T2,headline,2022-07-15,2022,ok,yfinance,2022-07-15,1000
HRMY,T2,headline,2020-08-19,2020,ok,yfinance,2020-08-19,1479
ATAT,T2,headline,2022-11-11,2022,ok,yfinance,2022-11-11,916
SFIX,T2,headline,2017-11-17,2017,ok,yfinance,2017-11-17,2170
PGEM,T2,headline,2013-05-22,2013,ok,yfinance,2013-05-23,1230
PTLO,T2,headline,2021-10-21,2021,ok,yfinance,2021-10-21,1183
VLP,T2,headline,2013-12-10,2013,ok,yfinance,2013-12-11,1279
CAN,T2,headline,2019-11-21,2019,ok,yfinance,2019-11-20,1666
WHD,T2,headline,2018-02-08,2018,ok,yfinance,2018-02-08,2115
GHG,T2,headline,2018-03-27,2018,ok,yfinance,2018-03-27,2083
RUN,T2,headline,2015-08-05,2015,ok,yfinance,2015-08-05,2748
CSLT,T2,headline,2014-03-13,2014,missing_both_sources,,,0
SRFM,T2,headline,2023-07-27,2023,ok,yfinance,2023-07-27,741
GNC,T2,headline,2011-03-31,2011,missing_both_sources,,,0
NKA,T2,headline,2010-05-11,2010,missing_both_sources,,,0
SY,T2,headline,2019-05-02,2019,ok,yfinance,2019-05-02,1807
BFAM,T2,headline,2013-01-25,2013,ok,yfinance,2013-01-25,3384
HLI,T2,headline,2015-08-13,2015,ok,yfinance,2015-08-13,2742
ROKU,T2,headline,2017-09-28,2017,ok,yfinance,2017-09-28,2206
RDDT,T2,headline,2024-03-21,2024,ok,yfinance,2024-03-21,550
MRX,T2,headline,2024-04-25,2024,ok,yfinance,2024-04-25,553
ADCT,T2,headline,2020-05-15,2020,ok,yfinance,2020-05-18,1544
SNCY,T2,headline,2021-03-17,2021,late_start_gap,yfinance,2026-05-13,3
IRWD,T2,headline,2010-02-02,2010,ok,yfinance,2010-02-03,4133
PFSI,T2,headline,2013-05-08,2013,ok,yfinance,2013-05-09,3312
AGRO,T2,headline,2011-01-28,2011,ok,yfinance,2011-01-28,3884
ILPT,T2,headline,2018-01-12,2018,ok,yfinance,2018-01-12,2133
BLMN,T2,headline,2012-08-08,2012,ok,yfinance,2012-08-08,3499
OPRA,T2,headline,2018-07-27,2018,ok,yfinance,2018-07-27,1998
OAK,T2,headline,2012-04-11,2012,missing_both_sources,,,0
SNDL,T2,headline,2019-08-01,2019,ok,yfinance,2019-08-01,1744
ALEC,T2,headline,2019-02-07,2019,ok,yfinance,2019-02-07,1865
NTI,T2,headline,2012-07-25,2012,missing_both_sources,,,0
CNNX,T2,headline,2014-09-25,2014,missing_both_sources,,,0
SHOP,T2,headline,2015-05-21,2015,ok,yfinance,2015-05-20,2801
BGXX,T2,headline,2022-05-17,2022,missing_both_sources,,,0
TDUP,T2,headline,2021-03-26,2021,ok,yfinance,2021-03-26,1328
FTAI,T2,headline,2015-05-15,2015,ok,yfinance,2015-05-14,2805
RENT,T2,headline,2021-10-27,2021,ok,yfinance,2021-10-27,1179
NRGM,T2,headline,2011-12-15,2011,missing_both_sources,,,0
GOLF,T2,headline,2016-10-28,2016,ok,yfinance,2016-10-28,2436
BURL,T2,headline,2013-10-02,2013,ok,yfinance,2013-10-02,3211
KLTR,T2,headline,2021-07-21,2021,ok,yfinance,2021-07-21,1248
TWLO,T2,headline,2016-06-23,2016,ok,yfinance,2016-06-23,2525
SDHC,T2,headline,2024-01-11,2024,ok,yfinance,2024-01-11,625
RVLV,T2,headline,2019-06-07,2019,ok,yfinance,2019-06-07,1782
WTTR,T2,headline,2017-04-21,2017,ok,yfinance,2017-06-26,2272
EEX,T2,headline,2017-04-28,2017,ok,yfinance,2017-04-28,2312
KGS,T2,headline,2023-06-29,2023,ok,yfinance,2023-06-29,760
LB,T2,headline,2024-06-28,2024,ok,yfinance,2024-06-28,509
DSGN,T2,headline,2021-03-26,2021,ok,yfinance,2021-03-29,1327
TRTX,T2,headline,2017-07-20,2017,ok,yfinance,2017-07-20,2255
CGON,T2,headline,2024-01-25,2024,ok,yfinance,2024-01-25,616
MNTK,T2,headline,2021-01-22,2021,ok,yfinance,2021-01-22,1372
QEPM,T2,headline,2013-08-08,2013,missing_both_sources,,,0
DFH,T2,headline,2021-01-21,2021,ok,yfinance,2021-01-21,1373
INR,T2,headline,2025-01-31,2025,ok,yfinance,2025-01-31,361
ARLO,T2,headline,2018-08-03,2018,ok,yfinance,2018-08-03,1993
MDB,T2,headline,2017-10-19,2017,ok,yfinance,2017-10-19,2191
UAN,T2,headline,2011-04-07,2011,ok,yfinance,2011-04-08,3835
FANG,T2,headline,2012-10-11,2012,ok,yfinance,2012-10-12,3453
NRDS,T2,headline,2021-11-04,2021,ok,yfinance,2021-11-04,1173
PUMP,T2,headline,2017-03-17,2017,ok,yfinance,2017-03-17,2341
ASO,T2,headline,2020-10-02,2020,ok,yfinance,2020-10-02,1448
VLRS,T2,headline,2013-09-17,2013,ok,yfinance,2013-09-18,3221
GNRT,T2,headline,2015-06-25,2015,ok,yfinance,2015-06-25,746
TBA,T2,headline,2021-01-15,2021,missing_both_sources,,,0
SOPH,T2,headline,2021-07-23,2021,ok,yfinance,2021-07-23,1246
BRLT,T2,headline,2021-09-23,2021,ok,yfinance,2021-09-23,1203
OM,T2,headline,2020-09-15,2020,ok,yfinance,2020-09-15,1461
SCWX,T2,headline,2016-04-22,2016,missing_both_sources,,,0
PEGI,T2,headline,2013-09-27,2013,missing_both_sources,,,0
MAX,T2,headline,2020-10-28,2020,ok,yfinance,2020-10-28,1430
TNET,T2,headline,2014-03-27,2014,ok,yfinance,2014-03-27,3090
SGHT,T2,headline,2021-07-15,2021,ok,yfinance,2021-07-15,1252
SEER,T2,headline,2020-12-04,2020,ok,yfinance,2020-12-04,1404
SALE,T2,headline,2013-07-18,2013,ok,yfinance,2013-07-19,969
IPSC,T2,headline,2021-06-18,2021,ok,yfinance,2021-06-18,1270
IE,T2,headline,2022-06-28,2022,ok,yfinance,2022-06-28,1012
NMAX,T2,headline,2025-03-31,2025,ok,yfinance,2025-03-31,321
GMED,T2,headline,2012-08-02,2012,ok,yfinance,2012-08-03,3502
TRGP,T2,headline,2010-12-06,2010,ok,yfinance,2010-12-07,3920
AMV,T2,headline,2022-09-27,2022,missing_both_sources,,,0
AMLX,T2,headline,2022-01-07,2022,ok,yfinance,2022-01-07,1129
PGNY,T2,headline,2019-10-25,2019,ok,yfinance,2019-10-25,1684
YALA,T2,headline,2020-09-30,2020,ok,yfinance,2020-09-30,1450
OEC,T2,headline,2014-07-24,2014,ok,yfinance,2014-07-25,3007
EVH,T2,headline,2015-06-05,2015,ok,yfinance,2015-06-05,2790
SXC,T2,headline,2011-07-20,2011,ok,yfinance,2011-07-21,3764
CHGG,T2,headline,2013-11-13,2013,ok,yfinance,2013-11-13,3181
MN,T2,headline,2011-11-17,2011,missing_both_sources,,,0
TIGR,T2,headline,2019-03-20,2019,ok,yfinance,2019-03-20,1837
RMP,T2,headline,2014-12-17,2014,ok,yfinance,2014-12-17,905
IMCR,T2,headline,2021-02-05,2021,ok,yfinance,2021-02-05,1362
PRCT,T2,headline,2021-09-15,2021,ok,yfinance,2021-09-15,1209
FXCM,T2,headline,2010-12-01,2010,missing_both_sources,,,0
FWRG,T2,headline,2021-10-01,2021,ok,yfinance,2021-10-01,1197
MGP,T2,headline,2016-04-20,2016,missing_both_sources,,,0
SDGR,T2,headline,2020-02-06,2020,ok,yfinance,2020-02-06,1614
SDR,T2,headline,2012-04-17,2012,missing_both_sources,,,0
PACB,T2,headline,2010-10-26,2010,ok,yfinance,2010-10-27,3948
QIWI,T2,headline,2013-05-02,2013,ok,yfinance,2013-05-03,2854
NBHC,T2,headline,2012-09-19,2012,ok,yfinance,2012-09-20,3469
HCC,T2,headline,2017-04-13,2017,ok,yfinance,2017-04-13,2322
GOSS,T2,headline,2019-02-08,2019,ok,yfinance,2019-02-08,1864
VEI,T2,headline,2021-03-18,2021,missing_both_sources,,,0
CBF,T2,headline,2012-09-19,2012,missing_both_sources,,,0
ATKR,T2,headline,2016-06-10,2016,ok,yfinance,2016-06-10,2534
WNRL,T2,headline,2013-10-10,2013,missing_both_sources,,,0
MTGE,T2,headline,2011-08-03,2011,ok,yfinance,2011-08-04,1792
ALDW,T1,headline,2012-11-19,2012,missing_both_sources,,,0
VINP,T1,headline,2021-01-28,2021,ok,yfinance,2021-01-28,1368
SMLP,T1,headline,2012-09-27,2012,missing_both_sources,,,0
MNTN,T1,headline,2025-05-22,2025,ok,yfinance,2025-05-22,284
KYAK,T1,headline,2012-07-19,2012,missing_both_sources,,,0
BCAX,T1,headline,2024-09-13,2024,ok,yfinance,2024-09-13,456
YEXT,T1,headline,2017-04-13,2017,ok,yfinance,2017-04-13,2322
BRCB,T1,headline,2025-09-12,2025,ok,yfinance,2025-09-12,207
SUPV,T1,headline,2016-05-19,2016,ok,yfinance,2016-05-19,2549
DAWN,T1,headline,2021-05-27,2021,missing_both_sources,,,0
CUDA,T1,headline,2013-11-06,2013,ok,yfinance,2013-11-06,2028
PUBM,T1,headline,2020-12-09,2020,ok,yfinance,2020-12-09,1401
RVMD,T1,headline,2020-02-13,2020,ok,yfinance,2020-02-13,1609
SKYX,T1,headline,2022-02-10,2022,ok,yfinance,2022-02-10,1106
KANG,T1,headline,2014-04-09,2014,ok,yfinance,2014-04-09,1203
GDS,T1,headline,2016-11-02,2016,ok,yfinance,2016-11-02,2433
DUO,T1,headline,2019-11-01,2019,ok,yfinance,2019-11-01,1679
RH,T1,headline,2012-11-01,2012,ok,yfinance,2012-11-02,3440
FBLG,T1,headline,2024-01-31,2024,ok,yfinance,2024-01-31,612
OLLI,T1,headline,2015-07-16,2015,ok,yfinance,2015-07-16,2762
MTSI,T1,headline,2012-03-14,2012,ok,yfinance,2012-03-15,3600
ATEN,T1,headline,2014-03-21,2014,ok,yfinance,2014-03-21,3094
MEDP,T1,headline,2016-08-11,2016,ok,yfinance,2016-08-11,2491
TWFG,T1,headline,2024-07-18,2024,ok,yfinance,2024-07-18,496
KYTX,T1,headline,2024-02-09,2024,ok,yfinance,2024-02-09,605
FIVE,T1,headline,2012-07-18,2012,ok,yfinance,2012-07-19,3513
HCAT,T1,headline,2019-07-25,2019,ok,yfinance,2019-07-25,1749
CRBU,T1,headline,2021-07-23,2021,ok,yfinance,2021-07-23,1246
CNTB,T1,headline,2021-03-19,2021,ok,yfinance,2021-03-19,1333
YELP,T1,headline,2012-03-01,2012,ok,yfinance,2012-03-02,3609
SGRY,T1,headline,2015-10-01,2015,ok,yfinance,2015-09-30,2709
UPB,T1,headline,2024-10-11,2024,ok,yfinance,2024-10-11,436
RIGP,T1,headline,2014-07-31,2014,missing_both_sources,,,0
SDLP,T1,headline,2012-10-18,2012,missing_both_sources,,,0
ZVIA,T1,headline,2021-07-22,2021,ok,yfinance,2021-07-22,1247
CMRE,T1,headline,2010-11-03,2010,ok,yfinance,2010-11-04,3942
GHLD,T1,headline,2020-10-22,2020,missing_both_sources,,,0
PEN,T1,headline,2015-09-18,2015,ok,yfinance,2015-09-18,2717
NTRA,T1,headline,2015-07-02,2015,ok,yfinance,2015-07-01,2772
ZLAB,T1,headline,2017-09-20,2017,ok,yfinance,2017-09-20,2212
AUNA,T1,headline,2024-03-22,2024,ok,yfinance,2024-03-22,576
TLS,T1,headline,2020-11-19,2020,ok,yfinance,2020-11-19,1414
IQ,T1,headline,2018-03-29,2018,ok,yfinance,2018-03-29,2054
SDIG,T1,headline,2021-10-20,2021,missing_both_sources,,,0
MNRL,T1,headline,2019-04-18,2019,missing_both_sources,,,0
GNRC,T1,headline,2010-02-10,2010,ok,yfinance,2010-02-11,4127
KNSA,T1,headline,2018-05-24,2018,ok,yfinance,2018-05-25,2041
BL,T1,headline,2016-10-28,2016,ok,yfinance,2016-10-28,2436
GRDN,T1,headline,2024-09-26,2024,ok,yfinance,2024-09-26,447
VCTR,T1,headline,2018-02-08,2018,ok,yfinance,2018-02-08,2115
AAT,T1,headline,2011-01-12,2011,ok,yfinance,2011-01-13,3894
VITL,T1,headline,2020-07-31,2020,ok,yfinance,2020-07-31,1492
VTTI,T1,headline,2014-08-01,2014,missing_both_sources,,,0
KYMR,T1,headline,2020-08-21,2020,ok,yfinance,2020-08-21,1477
BCC,T1,headline,2013-02-05,2013,ok,yfinance,2013-02-06,3376
TRNO,T1,headline,2010-02-09,2010,ok,yfinance,2010-02-10,4128
CGEM,T1,headline,2021-01-08,2021,ok,yfinance,2021-01-08,1381
TLIS,T1,headline,2021-02-12,2021,missing_both_sources,,,0
PCTY,T1,headline,2014-03-19,2014,ok,yfinance,2014-03-19,3096
WMS,T1,headline,2014-07-24,2014,ok,yfinance,2014-07-25,3007
FCB,T1,headline,2014-08-01,2014,ok,yfinance,2014-08-01,1112
ARCE,T1,headline,2018-09-26,2018,missing_both_sources,,,0
ANL,T1,headline,2023-09-29,2023,ok,yfinance,2023-09-29,696
HTHT,T1,headline,2010-03-25,2010,ok,yfinance,2010-03-26,4097
MTDR,T1,headline,2012-02-01,2012,ok,yfinance,2012-02-02,3629
DYN,T1,headline,2020-09-17,2020,ok,yfinance,2020-09-17,1459
INN,T1,headline,2011-02-08,2011,ok,yfinance,2011-02-09,3876
GLUE,T1,headline,2021-06-24,2021,ok,yfinance,2021-06-24,1266
GPMT,T1,headline,2017-06-23,2017,ok,yfinance,2017-06-26,2272
MPLX,T1,headline,2012-10-25,2012,ok,yfinance,2012-10-26,3443
HG,T1,headline,2023-11-10,2023,ok,yfinance,2023-11-10,666
AVO,T1,headline,2020-10-01,2020,ok,yfinance,2020-10-02,1448
BRP,T1,headline,2019-10-24,2019,missing_both_sources,,,0
COCO,T1,headline,2021-10-21,2021,ok,yfinance,2021-10-21,1183
MEP,T1,headline,2013-11-07,2013,missing_both_sources,,,0
FSAM,T1,headline,2014-10-30,2014,missing_both_sources,,,0
SITE,T1,headline,2016-05-12,2016,ok,yfinance,2016-05-12,2554
AHR,T1,headline,2024-02-07,2024,ok,yfinance,2024-02-07,607
PAYC,T1,headline,2014-04-15,2014,ok,yfinance,2014-04-15,3077
BEAM,T1,headline,2020-02-06,2020,ok,yfinance,2020-02-06,1614
HUBS,T1,headline,2014-10-09,2014,ok,yfinance,2014-10-09,2954
PRLD,T1,headline,2020-09-25,2020,ok,yfinance,2020-09-25,1453
BVS,T1,headline,2021-02-11,2021,ok,yfinance,2021-02-11,1358
NNOX,T1,headline,2020-08-21,2020,ok,yfinance,2020-08-21,1477
SPT,T1,headline,2019-12-13,2019,ok,yfinance,2019-12-13,1650
PSXP,T1,headline,2013-07-22,2013,missing_both_sources,,,0
GHRS,T1,headline,2021-06-25,2021,ok,yfinance,2021-06-25,1265
ADAG,T1,headline,2021-02-09,2021,ok,yfinance,2021-02-09,1360
PTXP,T1,headline,2015-06-04,2015,missing_both_sources,,,0
SEPN,T1,headline,2024-10-25,2024,ok,yfinance,2024-10-25,426
GWRE,T1,headline,2012-01-24,2012,ok,yfinance,2012-01-25,3635
CCCC,T1,headline,2020-10-02,2020,ok,yfinance,2020-10-02,1448
APGE,T1,headline,2023-07-14,2023,ok,yfinance,2023-07-14,750
DTIL,T1,headline,2019-03-28,2019,ok,yfinance,2019-03-28,1831
XNET,T1,headline,2014-06-24,2014,ok,yfinance,2014-06-24,3029
PMVP,T1,headline,2020-09-25,2020,ok,yfinance,2020-09-25,1453
RNG,T1,headline,2013-09-27,2013,ok,yfinance,2013-09-27,3214
AYX,T1,headline,2017-03-24,2017,missing_both_sources,,,0
HLNE,T1,headline,2017-03-01,2017,ok,yfinance,2017-03-01,2353
HQY,T1,headline,2014-07-31,2014,ok,yfinance,2014-07-31,3003
WLH,T1,headline,2013-05-15,2013,missing_both_sources,,,0
ALTR,T1,headline,2017-11-01,2017,missing_both_sources,,,0
PCVX,T1,headline,2020-06-12,2020,ok,yfinance,2020-06-12,1526
REXR,T1,headline,2013-07-18,2013,ok,yfinance,2013-07-19,3263
ROYT,T1,headline,2012-05-02,2012,missing_both_sources,,,0
ELF,T1,headline,2016-09-22,2016,ok,yfinance,2016-09-22,2462
TMCI,T1,headline,2021-04-23,2021,ok,yfinance,2021-04-23,1309
EWTX,T1,headline,2021-03-26,2021,ok,yfinance,2021-03-26,1328
RNF,T1,headline,2011-11-03,2011,missing_both_sources,,,0
CLDT,T1,headline,2010-04-15,2010,ok,yfinance,2010-04-16,4083
JONE,T1,headline,2013-07-23,2013,missing_both_sources,,,0
OZ,T1,headline,2021-10-18,2021,ok,yfinance,2021-10-18,1186
ANGI,T1,headline,2011-11-16,2011,ok,yfinance,2011-11-17,3680
KARO,T1,headline,2021-04-01,2021,ok,yfinance,2021-04-01,1324
EFC,T1,headline,2010-10-07,2010,ok,yfinance,2010-10-08,3961
SHAK,T1,headline,2015-01-30,2015,ok,yfinance,2015-01-30,2877
NUVL,T1,headline,2021-07-29,2021,ok,yfinance,2021-07-29,1242
DIBS,T1,headline,2021-06-10,2021,ok,yfinance,2021-06-10,1276
HDP,T1,headline,2014-12-12,2014,ok,yfinance,2014-12-12,1021
OLMA,T1,headline,2020-11-19,2020,ok,yfinance,2020-11-19,1414
VNCE,T1,headline,2013-11-22,2013,ok,yfinance,2013-11-22,3174
TDOC,T1,headline,2015-07-01,2015,ok,yfinance,2015-06-30,2773
EPRT,T1,headline,2018-06-21,2018,ok,yfinance,2018-06-21,2023
NDRO,T1,headline,2011-11-02,2011,missing_both_sources,,,0
AAAP,T1,headline,2015-11-11,2015,late_start_gap,yfinance,2026-06-23,13
PRI,T1,headline,2010-03-31,2010,ok,yfinance,2010-04-01,4093
RARE,T1,headline,2014-01-31,2014,ok,yfinance,2014-01-31,3128
TSHA,T1,headline,2020-09-24,2020,ok,yfinance,2020-09-24,1454
NNNN,T1,headline,2025-02-19,2025,ok,yfinance,2025-02-19,349
RPID,T1,headline,2021-07-15,2021,ok,yfinance,2021-07-15,1252
GUTS,T1,headline,2024-02-02,2024,ok,yfinance,2024-02-02,610
QRE,T1,headline,2010-12-16,2010,missing_both_sources,,,0
PRAX,T1,headline,2020-10-16,2020,ok,yfinance,2020-10-16,1438
ZBIO,T1,headline,2024-09-13,2024,ok,yfinance,2024-09-13,456
PER,T1,headline,2011-08-10,2011,missing_both_sources,,,0
SEDG,T1,headline,2015-03-26,2015,ok,yfinance,2015-03-26,2839
APPN,T1,headline,2017-05-25,2017,ok,yfinance,2017-05-25,2293
WLKP,T1,headline,2014-07-30,2014,ok,yfinance,2014-07-30,3004
NRIX,T1,headline,2020-07-24,2020,ok,yfinance,2020-07-24,1497
APLS,T1,headline,2017-11-09,2017,late_start_gap,yfinance,2026-05-14,2
TTD,T1,headline,2016-09-21,2016,ok,yfinance,2016-09-21,2463
VIRT,T1,headline,2015-04-16,2015,ok,yfinance,2015-04-16,2825
EBON,T1,headline,2020-06-26,2020,ok,yfinance,2020-06-26,1516
BOJA,T1,headline,2015-05-08,2015,ok,yfinance,2015-05-08,935
ALXO,T1,headline,2020-07-17,2020,ok,yfinance,2020-07-17,1502
PNG,T1,headline,2010-04-29,2010,missing_both_sources,,,0
STTK,T1,headline,2020-10-09,2020,ok,yfinance,2020-10-09,1443
HESM,T1,headline,2017-04-05,2017,ok,yfinance,2017-04-05,2328
NOAH,T1,headline,2010-11-09,2010,ok,yfinance,2010-11-10,3938
JANX,T1,headline,2021-06-11,2021,ok,yfinance,2021-06-11,1275
QNST,T1,headline,2010-02-10,2010,ok,yfinance,2010-02-11,4127
SEND,T1,headline,2017-11-15,2017,ok,yfinance,2017-11-15,301
BDTX,T1,headline,2020-01-30,2020,ok,yfinance,2020-01-31,1618
DLNG,T1,headline,2013-11-13,2013,ok,yfinance,2013-11-13,3181
LUNG,T1,headline,2020-10-01,2020,ok,yfinance,2020-10-01,1449
CALX,T1,headline,2010-03-24,2010,ok,yfinance,2010-03-24,4099
AUTL,T1,headline,2018-06-21,2018,ok,yfinance,2018-06-22,2022
RCUS,T1,headline,2018-03-15,2018,ok,yfinance,2018-03-15,2091
PLAY,T1,headline,2014-10-10,2014,ok,yfinance,2014-10-10,2953
FVRR,T1,headline,2019-06-13,2019,ok,yfinance,2019-06-13,1778
NTLA,T1,headline,2016-05-06,2016,ok,yfinance,2016-05-06,2558
RPD,T1,headline,2015-07-17,2015,ok,yfinance,2015-07-17,2761
VOR,T1,headline,2021-02-05,2021,ok,yfinance,2021-02-05,1362
RMAX,T1,headline,2013-10-02,2013,ok,yfinance,2013-10-02,3211
BIOA,T1,headline,2024-09-26,2024,ok,yfinance,2024-09-26,447
PHR,T1,headline,2019-07-18,2019,ok,yfinance,2019-07-18,1754
ALRM,T1,headline,2015-06-26,2015,ok,yfinance,2015-06-26,2775
NA,T1,headline,2022-07-12,2022,ok,yfinance,2022-07-12,1003
WIX,T1,headline,2013-11-06,2013,ok,yfinance,2013-11-06,3186
ACIU,T1,headline,2016-09-23,2016,ok,yfinance,2016-09-23,2461
VRA,T1,headline,2010-10-20,2010,ok,yfinance,2010-10-21,3952
IH,T1,headline,2020-10-09,2020,ok,yfinance,2020-10-09,1443
TYRA,T1,headline,2021-09-15,2021,ok,yfinance,2021-09-15,1209
MLYS,T1,headline,2023-02-10,2023,ok,yfinance,2023-02-10,855
ARQT,T1,headline,2020-01-31,2020,ok,yfinance,2020-01-31,1618
RAPP,T1,headline,2024-06-07,2024,ok,yfinance,2024-06-07,523
FMI,T1,headline,2013-09-25,2013,ok,yfinance,2013-09-25,1227
ABOS,T1,headline,2021-07-01,2021,ok,yfinance,2021-07-01,1261
AGIO,T1,headline,2013-07-23,2013,ok,yfinance,2013-07-24,3260
TUSK,T1,headline,2016-10-14,2016,ok,yfinance,2016-10-14,2446
TC,T1,headline,2018-11-20,2018,ok,yfinance,2018-11-20,1917
AIRS,T1,headline,2021-10-29,2021,ok,yfinance,2021-10-29,1177
PHVS,T1,headline,2021-02-05,2021,ok,yfinance,2021-02-05,1362
XBIT,T1,headline,2015-04-15,2015,ok,yfinance,2015-04-15,2826
CBLL,T1,headline,2024-10-11,2024,ok,yfinance,2024-10-11,436
LZMH,T1,headline,2025-02-27,2025,ok,yfinance,2025-02-27,343
LX,T1,headline,2017-12-21,2017,ok,yfinance,2017-12-21,2147
APTI,T1,headline,2016-09-23,2016,ok,yfinance,2016-09-23,583
MTLS,T1,headline,2014-06-25,2014,ok,yfinance,2014-06-25,3028
ZNTL,T1,headline,2020-04-03,2020,ok,yfinance,2020-04-03,1574
JRVR,T1,headline,2014-12-12,2014,ok,yfinance,2014-12-12,2909
TXO,T1,headline,2023-01-27,2023,ok,yfinance,2023-01-27,865
VIOT,T1,headline,2018-09-25,2018,ok,yfinance,2018-09-25,1957
YRD,T1,headline,2015-12-18,2015,ok,yfinance,2015-12-18,2653
SXCP,T1,headline,2013-01-17,2013,missing_both_sources,,,0
ROAD,T1,headline,2018-05-04,2018,ok,yfinance,2018-05-04,2056
TRDA,T1,headline,2021-10-29,2021,ok,yfinance,2021-10-29,1177
CMPS,T1,headline,2020-09-18,2020,ok,yfinance,2020-09-18,1458
SSTK,T1,headline,2012-10-10,2012,ok,yfinance,2012-10-11,3454
ANNX,T1,headline,2020-07-24,2020,ok,yfinance,2020-07-24,1497
JGW,T1,headline,2013-11-08,2013,missing_both_sources,,,0
TNYA,T1,headline,2021-07-30,2021,ok,yfinance,2021-07-30,1241
SDT,T1,headline,2011-04-06,2011,missing_both_sources,,,0
MMYT,T1,headline,2010-08-11,2010,ok,yfinance,2010-08-12,4001
EH,T1,headline,2019-12-12,2019,ok,yfinance,2019-12-13,1650
LOB,T1,headline,2015-07-23,2015,ok,yfinance,2015-07-23,2757
EDIT,T1,headline,2016-02-03,2016,ok,yfinance,2016-02-03,2623
RGNX,T1,headline,2015-09-17,2015,ok,yfinance,2015-09-17,2718
PAHC,T1,headline,2014-04-11,2014,ok,yfinance,2014-04-11,3079
GKOS,T1,headline,2015-06-25,2015,ok,yfinance,2015-06-25,2776
AVBP,T1,headline,2024-01-26,2024,ok,yfinance,2024-01-26,615
GRO,T1,headline,2024-11-27,2024,ok,yfinance,2024-11-27,403
GPCR,T1,headline,2023-02-03,2023,ok,yfinance,2023-02-03,860
FHTX,T1,headline,2020-10-23,2020,ok,yfinance,2020-10-23,1433
JILL,T1,headline,2017-03-09,2017,ok,yfinance,2017-03-09,2347
MITT,T1,headline,2011-06-29,2011,ok,yfinance,2011-06-30,3778
FNKO,T1,headline,2017-11-02,2017,ok,yfinance,2017-11-02,2181
STOK,T1,headline,2019-06-19,2019,ok,yfinance,2019-06-19,1774
IMPV,T1,headline,2011-11-08,2011,ok,yfinance,2011-11-09,1803
AFYA,T1,headline,2019-07-19,2019,ok,yfinance,2019-07-19,1753
SKWD,T1,headline,2023-01-12,2023,ok,yfinance,2023-01-13,874
LOCO,T1,headline,2014-07-24,2014,ok,yfinance,2014-07-25,3007
KVSC,T1,headline,2021-03-24,2021,missing_both_sources,,,0
MGX,T1,headline,2024-02-09,2024,ok,yfinance,2024-02-09,605
WK,T1,headline,2014-12-12,2014,ok,yfinance,2014-12-12,2909
FOGO,T1,headline,2015-06-19,2015,ok,yfinance,2015-06-19,710
XPOF,T1,headline,2021-07-23,2021,ok,yfinance,2021-07-23,1246
NKTX,T1,headline,2020-07-10,2020,ok,yfinance,2020-07-10,1507
CRSP,T1,headline,2016-10-19,2016,ok,yfinance,2016-10-19,2443
SLDB,T1,headline,2018-01-26,2018,ok,yfinance,2018-01-26,2124
BY,T1,headline,2017-06-30,2017,ok,yfinance,2017-06-30,2268
FDMT,T1,headline,2020-12-11,2020,ok,yfinance,2020-12-11,1399
LXFT,T1,headline,2013-06-25,2013,missing_both_sources,,,0
EPAM,T1,headline,2012-02-07,2012,ok,yfinance,2012-02-08,3625
AVXS,T1,headline,2016-02-11,2016,ok,yfinance,2016-02-11,569
VRNS,T1,headline,2014-02-28,2014,ok,yfinance,2014-02-28,3109
GNBC,T1,headline,2014-08-08,2014,ok,yfinance,2014-08-08,1113
FOXF,T1,headline,2013-08-07,2013,ok,yfinance,2013-08-08,3249
LASR,T1,headline,2018-04-26,2018,ok,yfinance,2018-04-26,2062
WING,T1,headline,2015-06-12,2015,ok,yfinance,2015-06-12,2785
TSRO,T1,headline,2012-06-27,2012,ok,yfinance,2012-06-28,1650
QTNA,T1,headline,2016-10-28,2016,ok,yfinance,2016-10-28,650
BOW,T1,headline,2024-05-23,2024,ok,yfinance,2024-05-23,533
FWM,T1,headline,2013-04-16,2013,missing_both_sources,,,0
RRTS,T1,headline,2010-05-13,2010,ok,yfinance,2010-05-13,4064
MASS,T1,headline,2020-12-18,2020,ok,yfinance,2020-12-18,1394
MBX,T1,headline,2024-09-13,2024,ok,yfinance,2024-09-13,456
USAC,T1,headline,2013-01-14,2013,ok,yfinance,2013-01-15,3391
PLRX,T1,headline,2020-06-03,2020,ok,yfinance,2020-06-03,1533
SQBK,T1,headline,2014-03-27,2014,missing_both_sources,,,0
SKYT,T1,headline,2021-04-21,2021,ok,yfinance,2021-04-21,1311
RCAP,T1,headline,2013-06-05,2013,missing_both_sources,,,0
NDLS,T1,headline,2013-06-28,2013,ok,yfinance,2013-06-28,3277
RANI,T1,headline,2021-07-30,2021,ok,yfinance,2021-07-30,1241
MDLY,T1,headline,2014-09-24,2014,missing_both_sources,,,0
ACRE,T1,headline,2012-04-25,2012,ok,yfinance,2012-04-27,3570
METC,T1,headline,2017-02-03,2017,ok,yfinance,2017-02-03,2370
DOMO,T1,headline,2018-06-29,2018,ok,yfinance,2018-06-29,2017
CDXS,T1,headline,2010-04-22,2010,ok,yfinance,2010-04-22,4079
KPTI,T1,headline,2013-11-06,2013,ok,yfinance,2013-11-06,3186
KSCP,T1,headline,2022-01-27,2022,ok,yfinance,2022-01-27,1116
TEP,T1,headline,2013-05-13,2013,ok,yfinance,2013-05-14,1294
SVCO,T1,headline,2024-05-09,2024,ok,yfinance,2024-05-09,543
GMLP,T1,headline,2011-04-06,2011,missing_both_sources,,,0
RNO,T1,headline,2010-09-29,2010,missing_both_sources,,,0
MX,T1,headline,2011-03-10,2011,ok,yfinance,2011-03-11,3855
LUCD,T1,headline,2021-10-14,2021,ok,yfinance,2021-10-14,1188
ARVN,T1,headline,2018-09-27,2018,ok,yfinance,2018-09-27,1955
PYXS,T1,headline,2021-10-08,2021,ok,yfinance,2021-10-08,1192
ZENV,T1,headline,2021-07-22,2021,missing_both_sources,,,0
AGCB,T1,headline,2021-01-07,2021,missing_both_sources,,,0
EVLO,T1,headline,2018-05-09,2018,ok,yfinance,2018-05-09,2053
SOI,T1,headline,2017-05-12,2017,missing_both_sources,,,0
CEPF,T1,headline,2025-08-21,2025,ok,yfinance,2025-08-21,222
PSNL,T1,headline,2019-06-20,2019,ok,yfinance,2019-06-20,1773
ACLX,T1,headline,2022-02-04,2022,late_start_gap,yfinance,2026-04-28,2
FRPT,T1,headline,2014-11-07,2014,ok,yfinance,2014-11-07,2933
BZUN,T1,headline,2015-05-21,2015,ok,yfinance,2015-05-20,2801
DGNU,T1,headline,2021-03-23,2021,missing_both_sources,,,0
KREF,T1,headline,2017-05-05,2017,ok,yfinance,2017-05-05,2307
CCS,T1,headline,2014-06-18,2014,ok,yfinance,2014-06-18,3033
VTVT,T1,headline,2015-07-30,2015,ok,yfinance,2015-07-30,2752
AOMR,T1,headline,2021-06-17,2021,ok,yfinance,2021-06-17,1271
GCT,T1,headline,2022-08-17,2022,ok,yfinance,2022-08-18,976
SERA,T1,headline,2021-07-15,2021,ok,yfinance,2021-07-15,1252
CHRS,T1,headline,2014-11-06,2014,ok,yfinance,2014-11-06,2934
ARMO,T1,headline,2018-01-26,2018,ok,yfinance,2018-01-26,103
BRBR,T1,headline,2019-10-17,2019,ok,yfinance,2019-10-18,1689
ICG,T1,headline,2023-03-16,2023,ok,yfinance,2023-03-16,832
PHAT,T1,headline,2019-10-25,2019,ok,yfinance,2019-10-25,1684
HASI,T1,headline,2013-04-17,2013,ok,yfinance,2013-04-18,3327
GPP,T1,headline,2015-06-26,2015,missing_both_sources,,,0
BDSX,T1,headline,2020-10-28,2020,ok,yfinance,2020-10-28,1430
BMEA,T1,headline,2021-04-16,2021,ok,yfinance,2021-04-16,1314
EVA,T1,headline,2015-04-29,2015,missing_both_sources,,,0
MGNX,T1,headline,2013-10-10,2013,ok,yfinance,2013-10-10,3205
QTWO,T1,headline,2014-03-20,2014,ok,yfinance,2014-03-20,3095
PV'U,T1,headline,2021-01-22,2021,missing_both_sources,,,0
BLZE,T1,headline,2021-11-11,2021,ok,yfinance,2021-11-11,1168
REPL,T1,headline,2018-07-20,2018,ok,yfinance,2018-07-20,2003
OMP,T1,headline,2017-09-21,2017,missing_both_sources,,,0
EDG,T1,headline,2012-04-27,2012,missing_both_sources,,,0
HCLP,T1,headline,2012-08-15,2012,missing_both_sources,,,0
ORIC,T1,headline,2020-04-24,2020,ok,yfinance,2020-04-24,1560
APM,T1,headline,2018-12-18,2018,ok,yfinance,2018-12-18,1899
FBK,T1,headline,2016-09-16,2016,ok,yfinance,2016-09-16,2466
BCEL,T1,headline,2019-06-20,2019,missing_both_sources,,,0
HABT,T1,headline,2014-11-20,2014,missing_both_sources,,,0
RYTM,T1,headline,2017-10-05,2017,ok,yfinance,2017-10-09,2199
ASND,T1,headline,2015-01-28,2015,ok,yfinance,2015-01-28,2879
INMD,T1,headline,2019-08-08,2019,ok,yfinance,2019-08-08,1739
SUSP,T1,headline,2012-09-19,2012,missing_both_sources,,,0
DVOX,T1,headline,2010-04-22,2010,missing_both_sources,,,0
EVER,T1,headline,2018-06-28,2018,ok,yfinance,2018-06-28,2018
MBIN,T1,headline,2017-10-27,2017,ok,yfinance,2017-10-27,2185
MC,T1,headline,2014-04-16,2014,ok,yfinance,2014-04-16,3076
BYSI,T1,headline,2017-03-09,2017,ok,yfinance,2017-03-09,2347
PTCT,T1,headline,2013-06-19,2013,ok,yfinance,2013-06-20,3283
TLYS,T1,headline,2012-05-03,2012,ok,yfinance,2012-05-04,3565
AFIB,T1,headline,2020-08-06,2020,ok,yfinance,2020-08-06,1488
MMI,T1,headline,2013-10-31,2013,ok,yfinance,2013-10-31,3190
CDRE,T1,headline,2021-11-04,2021,ok,yfinance,2021-11-04,1173
KLDO,T1,headline,2019-02-28,2019,ok,yfinance,2019-02-28,1851
TKNO,T1,headline,2021-06-25,2021,ok,yfinance,2021-06-25,1265
AKBA,T1,headline,2014-03-20,2014,ok,yfinance,2014-03-20,3095
CTMX,T1,headline,2015-10-08,2015,ok,yfinance,2015-10-08,2703
HOWL,T1,headline,2021-04-30,2021,ok,yfinance,2021-04-30,1304
HBT,T1,headline,2019-10-11,2019,ok,yfinance,2019-10-11,1694
RXST,T1,headline,2021-07-30,2021,ok,yfinance,2021-07-30,1241
AIP,T1,headline,2021-10-27,2021,ok,yfinance,2021-10-27,1179
DM,T1,headline,2014-10-15,2014,missing_both_sources,,,0
MXL,T1,headline,2010-03-23,2010,ok,yfinance,2010-03-24,4099
LMNS,T1,headline,2014-02-27,2014,missing_both_sources,,,0
GLOP,T1,headline,2014-05-07,2014,missing_both_sources,,,0
SODA,T1,headline,2010-11-02,2010,ok,yfinance,2010-11-03,2044
ENPCU,T1,headline,2020-09-16,2020,missing_both_sources,,,0
AZI,T1,headline,2024-08-28,2024,ok,yfinance,2024-08-28,467
TWST,T1,headline,2018-10-31,2018,ok,yfinance,2018-10-31,1931
BOOT,T1,headline,2014-10-30,2014,ok,yfinance,2014-10-30,2939
ANRO,T1,headline,2024-02-02,2024,ok,yfinance,2024-02-02,610
MGTX,T1,headline,2018-06-08,2018,ok,yfinance,2018-06-08,2032
NPCE,T1,headline,2021-04-22,2021,ok,yfinance,2021-04-22,1310
NEP,T1,headline,2014-06-27,2014,missing_both_sources,,,0
EQM,T1,headline,2012-06-26,2012,missing_both_sources,,,0
OPRT,T1,headline,2019-09-26,2019,ok,yfinance,2019-09-26,1705
AEXA,T1,headline,2025-09-26,2025,ok,yfinance,2025-09-26,197
CTNM,T1,headline,2024-04-05,2024,ok,yfinance,2024-04-05,567
PRLB,T1,headline,2012-02-23,2012,ok,yfinance,2012-02-24,3614
AURA,T1,headline,2021-10-29,2021,ok,yfinance,2021-10-29,1177
IRT,T1,headline,2013-08-13,2013,ok,yfinance,2013-08-13,3246
AOSL,T1,headline,2010-04-29,2010,ok,yfinance,2010-04-29,4074
KEYW,T1,headline,2010-09-30,2010,ok,yfinance,2010-10-01,2168
SPWH,T1,headline,2014-04-17,2014,ok,yfinance,2014-04-17,3075
TNDM,T1,headline,2013-11-14,2013,ok,yfinance,2013-11-14,3180
YTPG,T1,headline,2021-04-14,2021,missing_both_sources,,,0
QLYS,T1,headline,2012-09-27,2012,ok,yfinance,2012-09-28,3463
CRNX,T1,headline,2018-07-18,2018,ok,yfinance,2018-07-18,2005
DAO,T1,headline,2019-10-25,2019,ok,yfinance,2019-10-25,1684
CSTE,T1,headline,2012-03-21,2012,ok,yfinance,2012-03-22,3595
MEMP,T1,headline,2011-12-08,2011,missing_both_sources,,,0
TERN,T1,headline,2021-02-05,2021,late_start_gap,yfinance,2026-05-05,3
GENK,T1,headline,2023-06-28,2023,ok,yfinance,2023-06-28,761
OXF,T1,headline,2010-07-13,2010,missing_both_sources,,,0
VRCA,T1,headline,2018-06-15,2018,ok,yfinance,2018-06-15,2027
OCIR,T1,headline,2013-09-13,2013,missing_both_sources,,,0
PAL,T1,headline,2024-05-09,2024,ok,yfinance,2024-05-09,543
IRTC,T1,headline,2016-10-20,2016,ok,yfinance,2016-10-20,2442
VENU,T1,headline,2024-11-27,2024,ok,yfinance,2024-11-27,403
VYGR,T1,headline,2015-11-11,2015,ok,yfinance,2015-11-11,2679
FULC,T1,headline,2019-07-18,2019,ok,yfinance,2019-07-18,1754
THR,T1,headline,2011-05-04,2011,late_start_gap,yfinance,2026-05-29,1
CCIH,T1,headline,2010-09-30,2010,ok,yfinance,2010-10-01,2604
MEKA,T1,headline,2021-09-29,2021,missing_both_sources,,,0
VSTM,T1,headline,2012-01-26,2012,ok,yfinance,2012-01-27,3633
OVID,T1,headline,2017-05-05,2017,ok,yfinance,2017-05-05,2307
WHZ,T1,headline,2012-03-22,2012,missing_both_sources,,,0
AQST,T1,headline,2018-07-25,2018,ok,yfinance,2018-07-25,2000
KOD,T1,headline,2018-10-04,2018,ok,yfinance,2018-10-04,1950
IMRX,T1,headline,2021-07-30,2021,ok,yfinance,2021-07-30,1241
PCPCU,T1,headline,2020-12-10,2020,missing_both_sources,,,0
PBFX,T1,headline,2014-05-09,2014,missing_both_sources,,,0
JPEP,T1,headline,2014-10-02,2014,missing_both_sources,,,0
KALA,T1,headline,2017-07-20,2017,ok,yfinance,2017-07-20,2255
SRLP,T1,headline,2013-10-25,2013,missing_both_sources,,,0
DEA,T1,headline,2015-02-05,2015,ok,yfinance,2015-02-06,2872
RBB,T1,headline,2017-07-26,2017,ok,yfinance,2017-07-26,2251
IOBT,T1,headline,2021-11-05,2021,missing_both_sources,,,0
SVFC,T1,headline,2021-03-09,2021,missing_both_sources,,,0
FN,T1,headline,2010-06-24,2010,ok,yfinance,2010-06-25,4034
APPF,T1,headline,2015-06-26,2015,ok,yfinance,2015-06-26,2775
NBLX,T1,headline,2016-09-15,2016,missing_both_sources,,,0
MIST,T1,headline,2019-05-09,2019,ok,yfinance,2019-05-09,1802
VOC,T1,headline,2011-05-05,2011,ok,yfinance,2011-05-06,3816
BOLD,T1,headline,2024-03-28,2024,ok,yfinance,2024-03-28,572
QURE,T1,headline,2014-02-05,2014,ok,yfinance,2014-02-05,3125
IFRX,T1,headline,2017-11-08,2017,ok,yfinance,2017-11-07,2178
CHEF,T1,headline,2011-07-27,2011,ok,yfinance,2011-07-28,3759
BWB,T1,headline,2018-03-14,2018,ok,yfinance,2018-03-14,2092
TCRX,T1,headline,2021-07-16,2021,ok,yfinance,2021-07-16,1251
BAND,T1,headline,2017-11-10,2017,ok,yfinance,2017-11-09,2176
ECT,T1,headline,2010-07-01,2010,missing_both_sources,,,0
ESTA,T1,headline,2018-07-19,2018,ok,yfinance,2018-07-19,2004
CVRX,T1,headline,2021-06-30,2021,ok,yfinance,2021-06-30,1262
GSHD,T1,headline,2018-04-27,2018,ok,yfinance,2018-04-27,2061
NEFF,T1,headline,2014-11-21,2014,missing_both_sources,,,0
SRRK,T1,headline,2018-05-24,2018,ok,yfinance,2018-05-25,2041
DLTH,T1,headline,2015-11-20,2015,ok,yfinance,2015-11-20,2672
JKS,T1,headline,2010-05-13,2010,ok,yfinance,2010-05-14,4063
PLMR,T1,headline,2019-04-17,2019,ok,yfinance,2019-04-17,1817
MIRM,T1,headline,2019-07-18,2019,ok,yfinance,2019-07-18,1754
WVE,T1,headline,2015-11-11,2015,ok,yfinance,2015-11-11,2679
SGMT,T1,headline,2023-07-14,2023,ok,yfinance,2023-07-14,750
STRO,T1,headline,2018-09-26,2018,ok,yfinance,2018-09-27,1955
IBP,T1,headline,2014-02-13,2014,ok,yfinance,2014-02-13,3119
GLOB,T1,headline,2014-07-18,2014,ok,yfinance,2014-07-18,3012
MSGM,T1,headline,2021-01-13,2021,ok,yfinance,2021-01-13,1378
MSBI,T1,headline,2016-05-24,2016,ok,yfinance,2016-05-24,2546
KNSL,T1,headline,2016-07-28,2016,ok,yfinance,2016-07-28,2501
GEVO,T1,headline,2011-02-08,2011,ok,yfinance,2011-02-09,3876
NGVC,T1,headline,2012-07-24,2012,ok,yfinance,2012-07-25,3509
MEC,T1,headline,2019-05-09,2019,ok,yfinance,2019-05-09,1802
FSBC,T1,headline,2021-05-05,2021,ok,yfinance,2021-05-04,1302
IBEX,T1,headline,2020-08-07,2020,ok,yfinance,2020-08-07,1487
INSP,T1,headline,2018-05-03,2018,ok,yfinance,2018-05-03,2057
PETQ,T1,headline,2017-07-21,2017,missing_both_sources,,,0
TMDX,T1,headline,2019-05-02,2019,ok,yfinance,2019-05-02,1807
HRTG,T1,headline,2014-05-23,2014,ok,yfinance,2014-05-23,3050
WPT,T1,headline,2013-08-08,2013,missing_both_sources,,,0
IIIV,T1,headline,2018-06-21,2018,ok,yfinance,2018-06-21,2023
RRMS,T1,headline,2011-12-08,2011,missing_both_sources,,,0
ORC,T1,headline,2013-02-14,2013,ok,yfinance,2013-02-14,3370
RRBI,T1,headline,2019-05-03,2019,ok,yfinance,2019-05-03,1806
BTNB,T1,headline,2021-01-26,2021,missing_both_sources,,,0
ZYME,T1,headline,2017-04-28,2017,ok,yfinance,2017-04-28,2312
PRSS,T1,headline,2012-03-28,2012,ok,yfinance,2012-03-29,1672
RR,T1,headline,2023-11-17,2023,ok,yfinance,2023-11-17,661
TCBX,T1,headline,2021-11-09,2021,ok,yfinance,2021-11-09,1170
TLLP,T1,headline,2011-04-19,2011,missing_both_sources,,,0
ENTL,T1,headline,2015-01-29,2015,late_start_gap,yfinance,2026-06-23,13
MCEP,T1,headline,2011-12-14,2011,missing_both_sources,,,0
VCYT,T1,headline,2013-10-30,2013,ok,yfinance,2013-10-30,3191
CTT,T1,headline,2013-12-12,2013,missing_both_sources,,,0
GAUZ,T1,headline,2024-06-06,2024,ok,yfinance,2024-06-06,524
CTW,T1,headline,2025-08-06,2025,ok,yfinance,2025-08-06,233
TARS,T1,headline,2020-10-16,2020,ok,yfinance,2020-10-16,1438
ARDX,T1,headline,2014-06-19,2014,ok,yfinance,2014-06-19,3032
KRT,T1,headline,2021-04-15,2021,ok,yfinance,2021-04-15,1315
SPFI,T1,headline,2019-05-09,2019,ok,yfinance,2019-05-09,1802
ASC,T1,headline,2013-07-31,2013,ok,yfinance,2013-08-01,3254
RGF,T1,headline,2021-11-05,2021,missing_both_sources,,,0
CMBM,T1,headline,2019-06-26,2019,missing_both_sources,,,0
DGNS,T1,headline,2020-11-17,2020,missing_both_sources,,,0
KROS,T1,headline,2020-04-08,2020,ok,yfinance,2020-04-08,1571
CRVS,T1,headline,2016-03-23,2016,ok,yfinance,2016-03-23,2589
CAEP,T1,headline,2025-06-26,2025,missing_both_sources,,,0
FVR,T1,headline,2024-10-02,2024,ok,yfinance,2024-10-02,443
JFIN,T1,headline,2019-05-10,2019,ok,yfinance,2019-05-10,1801
PRQR,T1,headline,2014-09-18,2014,ok,yfinance,2014-09-18,2969
ANAB,T1,headline,2017-01-26,2017,ok,yfinance,2017-01-26,2376
APRE,T1,headline,2019-10-03,2019,ok,yfinance,2019-10-03,1700
INGN,T1,headline,2014-02-14,2014,ok,yfinance,2014-02-14,3118
HOOK,T1,headline,2019-04-18,2019,late_start_gap,yfinance,2026-06-02,27
